"","unique_id","dfs.fid","dfs.prior.1","dfs.prior.2","dfs.prior.3","fid","length","speed.fid","speed.prior.1","speed.prior.2","speed.prior.3","Treatment","opcode","family","genus","species","activity","school_individual","DFSAvg","speed.priorAvg","scientific","site"
"1","Diver 1aLIZARD3_CAM5_RIG3",340.961,554.352,427.935,526.003,1366.707,166.39,0.906782352941176,0.196183,0.376303,0.649934,"Diver","LIZARD3_CAM5_RIG3","Lutjanidae","Lutjanus","fulviflamma","flight","School",502.763333333333,0.407473333333333,"Lutjanus.fulviflamma","3"
"2","Diver 1aLIZARD4_CAM2_RIG3",92.67,253.071,249.251,157.835,1623.406,150.368,0.083562,0.0560296666666667,0.022347,0.085211,"Diver","LIZARD4_CAM2_RIG3","Lutjanidae","Lutjanus","fulviflamma","flight","School",220.052333333333,0.0545292222222222,"Lutjanus.fulviflamma","4"
"3","Diver 1bLIZARD3_CAM5_RIG3",205.264,326.57,444.525,324.44,1413.163,152.592,0.489311764705882,0.138111,0.314827,0.474302,"Diver","LIZARD3_CAM5_RIG3","Lutjanidae","Lutjanus","fulviflamma","flight","School",365.178333333333,0.30908,"Lutjanus.fulviflamma","3"
"4","Diver 1bLIZARD4_CAM2_RIG3",117.798,274.427,172.445,181.364,1126.6,128.276,0.175650230414747,0.04227,0.0487876666666667,0.0410723333333333,"Diver","LIZARD4_CAM2_RIG3","Lutjanidae","Lutjanus","fulviflamma","flight","School",209.412,0.0440433333333333,"Lutjanus.fulviflamma","4"
"5","Diver 1cLIZARD3_CAM5_RIG3",278.076,408.048,319.821,311.073,1247.625,152.379,0.609505882352941,0.11372,0.302981,0.393413,"Diver","LIZARD3_CAM5_RIG3","Lutjanidae","Lutjanus","fulviflamma","flight","School",346.314,0.270038,"Lutjanus.fulviflamma","3"
"6","Diver 1LIZARD1_CAM4_RIG2",138.654,194.857,67.712,147.38,1148.074,113.679,0.15054347826087,0.052862,0,0.0472873333333333,"Perspex","LIZARD1_CAM4_RIG2","Lutjanidae","Lutjanus","spp","hide","Individual",136.649666666667,0.0333831111111111,"Lutjanus.spp","1"
"7","Diver 1LIZARD1_CAM5_RIG3",67.79,53.603,106.755,86.848,574.288,133.056,0.0975978723404255,0.0131633333333333,NA,0.0201606666666667,"Perspex","LIZARD1_CAM5_RIG3","Lutjanidae","Lutjanus","spp","hide","Individual",82.402,0.016662,"Lutjanus.spp","1"
"8","Diver 1LIZARD1_CAM6_RIG1",NA,243.605,225.503,153.849,1641.469,190.241,0.206903174603175,0,0.0808703333333333,0.0615126666666667,"Diver","LIZARD1_CAM6_RIG1","Lutjanidae","Lutjanus","fulviflamma","hide","Individual",207.652333333333,0.047461,"Lutjanus.fulviflamma","1"
"9","Diver 1LIZARD2_CAM2_RIG1",563.816,558.231,550.981,413.71,2194.811,288.111,NA,0.0433143333333333,0,0,"Diver","LIZARD2_CAM2_RIG1","Lutjanidae","Lutjanus","carponotatus","C- turn","Individual",507.640666666667,0.0144381111111111,"Lutjanus.carponotatus","2"
"10","Diver 1LIZARD2_CAM3_RIG1",NA,50.824,101.466,158.364,1423.242,275.101,0.312298051948052,0,0,0.0323916666666667,"Shark","LIZARD2_CAM3_RIG1","Haemulidae","Diagramma","pictum","flight","Individual",103.551333333333,0.0107972222222222,"Diagramma.pictum","2"
"11","Diver 1LIZARD2_CAM4_RIG1",620.57,404.376,331.718,94.741,1692.622,574.534,0.505773333333333,0.201716,0.253405,0.232262,"Diver","LIZARD2_CAM4_RIG1","Serranidae","Plectropomus","spp","C- turn","Individual",276.945,0.229127666666667,"Plectropomus.spp","2"
"12","Diver 1LIZARD2_CAM5_RIG3",NA,108.266,63.852,NA,958.804,186.293,0.215350777202073,0.0364576666666667,0,0,"Diver","LIZARD2_CAM5_RIG3","Haemulidae","Diagramma","pictum","flight","Individual",86.059,0.0121525555555556,"Diagramma.pictum","2"
"13","Diver 1LIZARD3_CAM1_RIG1",332.101,802.372,843.606,696.108,1977.121,320.738,0.54627,0,0,0.163076666666667,"Diver","LIZARD3_CAM1_RIG1","Pomacanthidae","Pomacanthus","sexstriatus","hide","Individual",780.695333333333,0.0543588888888889,"Pomacanthus.sexstriatus","3"
"14","Diver 1LIZARD3_CAM2_RIG1",290.953,235.46,245.277,316.708,2177.652,260.929,0.97972,0.0932863333333333,0.102496666666667,0.0614166666666667,"Diver","LIZARD3_CAM2_RIG1","Lutjanidae","Lutjanus","fulviflamma","flight","Individual",265.815,0.0857332222222222,"Lutjanus.fulviflamma","3"
"15","Diver 1LIZARD3_CAM3_RIG2",NA,112.603,119.492,81.32,1722.716,NA,NA,0,0,0,"Diver","LIZARD3_CAM3_RIG2","Haemulidae","Plectorhinchus","lineatus","flight","Individual",104.471666666667,0,"Plectorhinchus.lineatus","3"
"16","Diver 1LIZARD3_CAM6_RIG2",331.996,397.74,369.796,334.188,1868.547,179.456,0.360429166666667,0.15144,0.0696065,0.162898,"Diver","LIZARD3_CAM6_RIG2","Lutjanidae","Lutjanus","fulviflamma","flight","Individual",367.241333333333,0.1279815,"Lutjanus.fulviflamma","3"
"17","Diver 1LIZARD4_CAM4_RIG1",253.815,339.316,226.982,234.159,2367.082,381.094,0.33649649122807,0.0388003333333333,0.097627,0.10116,"Diver","LIZARD4_CAM4_RIG1","Haemulidae","Plectorhinchus","chrysotaenia","flight","Individual",266.819,0.0791957777777778,"Plectorhinchus.chrysotaenia","4"
"18","Diver 1LIZARD4_CAM5_RIG1",NA,NA,NA,NA,2351.589,418.106,0.202286511627907,0,0,0,"Diver","LIZARD4_CAM5_RIG1","Serranidae","Plectropomus","spp","flight","Individual",NA,0,"Plectropomus.spp","4"
"19","Diver 2LIZARD1_CAM4_RIG2",78.671,98.63,56.251,33.981,907.241,209.065,0.267878350515464,0,0,0.065503,"Diver","LIZARD1_CAM4_RIG2","Lutjanidae","Lutjanus","fulviflamma","hide","Individual",62.954,0.0218343333333333,"Lutjanus.fulviflamma","1"
"20","Diver 2LIZARD1_CAM6_RIG1",NA,243.168,227.072,160.132,1837.978,198.666,0.089004,0,0.077831,0.116416333333333,"Diver","LIZARD1_CAM6_RIG1","Lutjanidae","Lutjanus","fulviflamma","hide","Individual",210.124,0.0647491111111111,"Lutjanus.fulviflamma","1"
"21","Diver 2LIZARD2_CAM2_RIG1",288.632,282.622,72.916,87.057,2250.825,240.415,0.343318918918919,0,0,0,"Diver","LIZARD2_CAM2_RIG1","Haemulidae","Diagramma","pictum","flight","Individual",147.531666666667,0,"Diagramma.pictum","2"
"22","Diver 2LIZARD2_CAM5_RIG3",216.56,271.131,274.709,204.977,571.92,289.912,0.184121243523316,0.036259,0.01869,0,"Diver","LIZARD2_CAM5_RIG3","Haemulidae","Plectorhinchus","chrysotaenia","C- turn","Individual",250.272333333333,0.0183163333333333,"Plectorhinchus.chrysotaenia","2"
"23","Diver 2LIZARD3_CAM1_RIG1",514.038,774.858,758.448,729.721,1294.886,367.392,0.446612142857143,0,0,0.112687,"Diver","LIZARD3_CAM1_RIG1","Haemulidae","Plectorhinchus","chrysotaenia","hide","Individual",754.342333333333,0.0375623333333333,"Plectorhinchus.chrysotaenia","3"
"24","Diver 2LIZARD3_CAM3_RIG2",NA,215.28,284.869,457.41,1547.185,NA,NA,0.0263543333333333,0.016414,0.196890666666667,"Diver","LIZARD3_CAM3_RIG2","Lutjanidae","Lutjanus","fulviflamma","flight","Individual",319.186333333333,0.0798863333333333,"Lutjanus.fulviflamma","3"
"25","Diver 2LIZARD4_CAM4_RIG1",NA,NA,97.961,NA,2754.703,270.617,1.31813571428571,0,0.046263,NA,"Shark","LIZARD4_CAM4_RIG1","Lutjanidae","Lutjanus","carponotatus","C- turn","Individual",97.961,0.0231315,"Lutjanus.carponotatus","4"
"26","Diver 3aLIZARD1_CAM4_RIG2",146.636,106.978,115.356,119.649,1124.861,115.475,0.120094117647059,0,0,0,"Diver","LIZARD1_CAM4_RIG2","Lutjanidae","Lutjanus","spp","hide","School",113.994333333333,0,"Lutjanus.spp","1"
"27","Diver 3bLIZARD1_CAM4_RIG2",188.556,155.828,156.707,165.56,1122.993,127.789,0.121311764705882,0.0192116666666667,0,0,"Diver","LIZARD1_CAM4_RIG2","Lutjanidae","Lutjanus","spp","hide","School",159.365,0.00640388888888889,"Lutjanus.spp","1"
"28","Diver 3LIZARD2_CAM2_RIG1",321.14,682.106,134.44,102.35,1934.461,245.161,0.590918918918919,0,0,0.050028,"Diver","LIZARD2_CAM2_RIG1","Haemulidae","Diagramma","pictum","flight","Individual",306.298666666667,0.016676,"Diagramma.pictum","2"
"29","Diver 3LIZARD3_CAM1_RIG1",268.128,101.582,279.04,209.636,1886.119,357.676,0.428095726495727,0,0,0,"Diver","LIZARD3_CAM1_RIG1","Pomacanthidae","Pomacanthus","sexstriatus","hide","Individual",196.752666666667,0,"Pomacanthus.sexstriatus","3"
"30","Diver 3LIZARD3_CAM3_RIG2",NA,195.909,192.578,156.544,1202.818,NA,0.27039552238806,0.0425426666666667,0.125339,0.040256,"Diver","LIZARD3_CAM3_RIG2","Lutjanidae","Lutjanus","fulviflamma","flight","Individual",181.677,0.0693792222222222,"Lutjanus.fulviflamma","3"
"31","Diver 4LIZARD2_CAM2_RIG1",155.505,212.672,245.662,234.602,1751.107,268.557,0.281834736842105,0,0,0,"Diver","LIZARD2_CAM2_RIG1","Haemulidae","Diagramma","pictum","C- turn","Individual",230.978666666667,0,"Diagramma.pictum","2"
"32","Perspex 1aLIZARD3_CAM3_RIG2",NA,98.055,107.925,125.569,1464.222,186.235,NA,0.0288843333333333,0.0171323333333333,0.0221586666666667,"Perspex","LIZARD3_CAM3_RIG2","Lutjanidae","Lutjanus","fulviflamma","no response","School",110.516333333333,0.0227251111111111,"Lutjanus.fulviflamma","3"
"33","Perspex 1bLIZARD3_CAM3_RIG2",NA,161.793,129.309,81.835,1469.987,189.507,0,0.0177303333333333,0,0.0234526666666667,"Perspex","LIZARD3_CAM3_RIG2","Lutjanidae","Lutjanus","fulviflamma","no response","School",124.312333333333,0.0137276666666667,"Lutjanus.fulviflamma","3"
"34","Perspex 1cLIZARD3_CAM3_RIG2",NA,104.846,70.692,90.228,1507.746,197.037,NA,0.0398216666666667,0.0344546666666667,NA,"Perspex","LIZARD3_CAM3_RIG2","Lutjanidae","Lutjanus","fulviflamma","no response","School",88.5886666666667,0.0371381666666667,"Lutjanus.fulviflamma","3"
"35","Perspex 1LIZARD1_CAM2_RIG3",305.731,NA,49.224,309.093,711.662,161.777,0.206492063492064,NA,0.117527666666667,0.0901846666666666,"Perspex","LIZARD1_CAM2_RIG3","Lutjanidae","Lutjanus","fulviflamma","no response","Individual",179.1585,0.103856166666667,"Lutjanus.fulviflamma","1"
"36","Perspex 1LIZARD1_CAM4_RIG2",123.9,158.38,159.824,148.06,1027.597,110.271,NA,0,0,0,"Perspex","LIZARD1_CAM4_RIG2","Lutjanidae","Lutjanus","spp","no response","Individual",155.421333333333,0,"Lutjanus.spp","1"
"37","Perspex 1LIZARD1_CAM5_RIG3",NA,NA,NA,95.603,940.325,126.616,0.0689060240963855,0.05765,0.156475,0.107513698630137,"Perspex","LIZARD1_CAM5_RIG3","Lutjanidae","Lutjanus","spp","no response","Individual",95.603,0.107212899543379,"Lutjanus.spp","1"
"38","Perspex 1LIZARD1_CAM6_RIG1",491.312,250.233,448.177,415.83,2255.219,216.03,0.234131506849315,0.076531,0.0621615,0.0975063333333333,"Pipe","LIZARD1_CAM6_RIG1","Lutjanidae","Lutjanus","fulvus","hide","Individual",371.413333333333,0.0787329444444445,"Lutjanus.fulvus","1"
"39","Perspex 1LIZARD2_CAM2_RIG1",187.504,470.691,161.795,146.973,994.879,361.994,1.443885,0.234964,0.154848,0.191578333333333,"Perspex","LIZARD2_CAM2_RIG1","Haemulidae","Diagramma","pictum","flight","Individual",259.819666666667,0.193796777777778,"Diagramma.pictum","2"
"40","Perspex 1LIZARD2_CAM3_RIG1",NA,181.873,133.861,164.356,1484.557,334.967,NA,NA,NA,NA,"Perspex","LIZARD2_CAM3_RIG1","Haemulidae","Diagramma","pictum","no response","Individual",160.03,NA,"Diagramma.pictum","2"
"41","Perspex 1LIZARD2_CAM4_RIG1",112.339,282.862,212.514,199.036,1581.252,290.842,0,0,0,0.0306803333333333,"Perspex","LIZARD2_CAM4_RIG1","Haemulidae","Diagramma","pictum","no response","Individual",231.470666666667,0.0102267777777778,"Diagramma.pictum","2"
"42","Perspex 1LIZARD2_CAM5_RIG3",NA,NA,NA,NA,853.957,198.352,NA,0.022707,0.032853,0,"Perspex","LIZARD2_CAM5_RIG3","Haemulidae","Diagramma","pictum","no response","Individual",NA,0.01852,"Diagramma.pictum","2"
"43","Perspex 1LIZARD3_CAM1_RIG1",268.451,NA,283.778,291.882,911.769,365.923,1.35937,NA,NA,0.0951206666666667,"Perspex","LIZARD3_CAM1_RIG1","Haemulidae","Plectorhinchus","chrysotaenia","no response","Individual",287.83,0.0951206666666667,"Plectorhinchus.chrysotaenia","3"
"44","Perspex 1LIZARD3_CAM2_RIG1",529.816,NA,NA,NA,1338.549,326.044,0.155380459770115,NA,NA,NA,"Perspex","LIZARD3_CAM2_RIG1","Lutjanidae","Lutjanus","carponotatus","C- turn","Individual",NA,NA,"Lutjanus.carponotatus","3"
"45","Perspex 1LIZARD4_CAM2_RIG3",NA,NA,NA,NA,204.854,337.489,NA,0,0,0,"Diver","LIZARD4_CAM2_RIG3","Serranidae","Plectropomus","spp","no response","Individual",NA,0,"Plectropomus.spp","4"
"46","Perspex 1LIZARD4_CAM4_RIG1",670.343,NA,NA,NA,1003.186,632.7,NA,0,0,0,"Perspex","LIZARD4_CAM4_RIG1","Serranidae","Plectropomus","spp","no response","Individual",NA,0,"Plectropomus.spp","4"
"47","Perspex 1LIZARD4_CAM5_RIG1",374.528,157.596,227.675,488.025,1732.607,554.81,0.21726384180791,0.126791333333333,0.210993333333333,0.0661116666666667,"Perspex","LIZARD4_CAM5_RIG1","Haemulidae","Plectorhinchus","lineatus","C- turn","Individual",291.098666666667,0.134632111111111,"Plectorhinchus.lineatus","4"
"48","Perspex 2aLIZARD4_CAM2_RIG3",146.004,136.891,175.524,149.463,618.364,139.321,NA,0,0,0,"Perspex","LIZARD4_CAM2_RIG3","Lutjanidae","Lutjanus","fulviflamma","no response","School",153.959333333333,0,"Lutjanus.fulviflamma","4"
"49","Perspex 2bLIZARD4_CAM2_RIG3",118.31,282.378,311.104,284.096,775.984,146.952,NA,0.040377,0.038943,0.0466433333333333,"Perspex","LIZARD4_CAM2_RIG3","Lutjanidae","Lutjanus","fulviflamma","no response","School",292.526,0.0419877777777778,"Lutjanus.fulviflamma","4"
"50","Perspex 2cLIZARD4_CAM2_RIG3",218.64,NA,NA,NA,527.146,166.978,NA,NA,NA,NA,"Perspex","LIZARD4_CAM2_RIG3","Lutjanidae","Lutjanus","fulviflamma","no response","School",NA,NA,"Lutjanus.fulviflamma","4"
"51","Perspex 2LIZARD1_CAM2_RIG3",314.162,228.732,346.662,332.772,839.79,169.91,0,0,0,0.0152536666666667,"Perspex","LIZARD1_CAM2_RIG3","Lutjanidae","Lutjanus","fulviflamma","no response","Individual",302.722,0.00508455555555556,"Lutjanus.fulviflamma","1"
"52","Perspex 2LIZARD1_CAM4_RIG2",59.684,92.202,117.472,116.63,1113.429,204.075,NA,0,0,0,"Perspex","LIZARD1_CAM4_RIG2","Lutjanidae","Lutjanus","fulviflamma","no response","Individual",108.768,0,"Lutjanus.fulviflamma","1"
"53","Perspex 2LIZARD1_CAM5_RIG3",NA,105.057,56.592,96.47,862.17,124.233,0.0778939759036145,0,0,0.137739726027397,"Perspex","LIZARD1_CAM5_RIG3","Lutjanidae","Lutjanus","spp","no response","Individual",86.0396666666667,0.0459132420091324,"Lutjanus.spp","1"
"54","Perspex 2LIZARD2_CAM2_RIG1",664.22,654.717,619.906,632.052,2223.166,220.464,0.748461666666667,0,0,0.124651,"Perspex","LIZARD2_CAM2_RIG1","Lutjanidae","Lutjanus","fulvus","C- turn","Individual",635.558333333333,0.0415503333333333,"Lutjanus.fulvus","2"
"55","Perspex 2LIZARD2_CAM5_RIG3",NA,NA,NA,NA,845.935,284.196,NA,0.0259576666666667,0.023681,0,"Shark","LIZARD2_CAM5_RIG3","Haemulidae","Plectorhinchus","chrysotaenia","no response","Individual",NA,0.0165462222222222,"Plectorhinchus.chrysotaenia","2"
"56","Perspex 2LIZARD3_CAM1_RIG1",110.805,NA,NA,NA,1972.512,485.032,NA,0,0,0,"Pipe","LIZARD3_CAM1_RIG1","Haemulidae","Plectorhinchus","albovittatus","no response","Individual",NA,0,"Plectorhinchus.albovittatus","3"
"57","Perspex 2LIZARD3_CAM2_RIG1",308.098,189.075,158.363,208.929,846.077,243.527,0.254408,0.102277,0.133026,0.0234226666666667,"Perspex","LIZARD3_CAM2_RIG1","Lutjanidae","Lutjanus","fulviflamma","C- turn","Individual",185.455666666667,0.0862418888888889,"Lutjanus.fulviflamma","3"
"58","Perspex 2LIZARD4_CAM4_RIG1",NA,708.84,630.485,646.411,1659.149,463.702,NA,0,0,0,"Turtle","LIZARD4_CAM4_RIG1","Haemulidae","Plectorhinchus","chrysotaenia","no response","Individual",661.912,0,"Plectorhinchus.chrysotaenia","4"
"59","Perspex 2LIZARD4_CAM5_RIG1",281.864,651.562,640.143,635.395,831.105,260.48,0.355468518518519,0.222374333333333,0.209961333333333,0.197892666666667,"Perspex","LIZARD4_CAM5_RIG1","Lutjanidae","Lutjanus","fulviflamma","C- turn","Individual",642.366666666667,0.210076111111111,"Lutjanus.fulviflamma","4"
"60","Perspex 3aLIZARD1_CAM2_RIG3",310.596,98.609,106.645,69.048,782.315,92.776,NA,0,0.0319066666666667,0.0469353333333333,"Perspex","LIZARD1_CAM2_RIG3","Lutjanidae","Lutjanus","spp","no response","School",91.434,0.0262806666666667,"Lutjanus.spp","1"
"61","Perspex 3aLIZARD1_CAM4_RIG2",226.764,66.556,61.825,265.382,1284.466,103.769,NA,0,0.035071,0.0311423333333333,"Perspex","LIZARD1_CAM4_RIG2","Lutjanidae","Lutjanus","spp","no response","School",131.254333333333,0.0220711111111111,"Lutjanus.spp","1"
"62","Perspex 3aLIZARD4_CAM5_RIG1",608.868,749.129,780.489,764.113,2149.253,243.246,0.59135974025974,0.0326773333333333,0.186363333333333,NA,"Perspex","LIZARD4_CAM5_RIG1","Lutjanidae","Lutjanus","fulviflamma","flight","School",764.577,0.109520333333333,"Lutjanus.fulviflamma","4"
"63","Perspex 3bLIZARD1_CAM2_RIG3",107.263,NA,NA,NA,827.549,94.917,NA,NA,NA,NA,"Perspex","LIZARD1_CAM2_RIG3","Lutjanidae","Lutjanus","spp","no response","School",NA,NA,"Lutjanus.spp","1"
"64","Perspex 3bLIZARD1_CAM4_RIG2",97.75,109.731,154.107,103.464,1213.658,144.42,NA,0,0,0,"Perspex","LIZARD1_CAM4_RIG2","Lutjanidae","Lutjanus","spp","no response","School",122.434,0,"Lutjanus.spp","1"
"65","Perspex 3bLIZARD4_CAM5_RIG1",458.381,307.491,277.117,510.796,2159.205,257.292,0.20626038961039,0.044649,0.0491223333333333,0,"Perspex","LIZARD4_CAM5_RIG1","Lutjanidae","Lutjanus","fulviflamma","flight","School",365.134666666667,0.0312571111111111,"Lutjanus.fulviflamma","4"
"66","Perspex 3cLIZARD1_CAM2_RIG3",83.733,NA,NA,NA,848.275,82.669,0,NA,NA,0,"Perspex","LIZARD1_CAM2_RIG3","Lutjanidae","Lutjanus","spp","no response","School",NA,0,"Lutjanus.spp","1"
"67","Perspex 3cLIZARD1_CAM4_RIG2",183.358,169.327,165.271,169.201,1129.939,102.232,NA,0,0.0196683333333333,0,"Perspex","LIZARD1_CAM4_RIG2","Lutjanidae","Lutjanus","spp","no response","School",167.933,0.00655611111111111,"Lutjanus.spp","1"
"68","Perspex 3cLIZARD4_CAM5_RIG1",665.911,931.332,736.957,808.572,1858.065,264.79,0.537731168831169,0.0956436666666667,0.145011,0.112287666666667,"Perspex","LIZARD4_CAM5_RIG1","Lutjanidae","Lutjanus","fulviflamma","flight","School",825.620333333333,0.117647444444444,"Lutjanus.fulviflamma","4"
"69","Perspex 3LIZARD2_CAM2_RIG1",243.027,183.556,114.664,142.403,1352.928,245.944,NA,NA,NA,0.05309,"Perspex","LIZARD2_CAM2_RIG1","Haemulidae","Diagramma","pictum","flight","Individual",146.874333333333,0.05309,"Diagramma.pictum","2"
"70","Perspex 3LIZARD2_CAM5_RIG3",84.67,120.721,98.118,89.911,1037.27,237.858,NA,0.0478203333333333,0.045427,0,"Perspex","LIZARD2_CAM5_RIG3","Lutjanidae","Lutjanus","carponotatus","no response","Individual",102.916666666667,0.0310824444444444,"Lutjanus.carponotatus","2"
"71","Perspex 3LIZARD3_CAM2_RIG1",142.893,296.336,230.079,246.789,904.668,259.393,0.169244444444444,0.138961,0.08985,0.0900343333333333,"Perspex","LIZARD3_CAM2_RIG1","Lutjanidae","Lutjanus","fulviflamma","C- turn","Individual",257.734666666667,0.106281777777778,"Lutjanus.fulviflamma","3"
"72","Perspex 4LIZARD2_CAM2_RIG1",214.81,106.283,75.149,187.935,1197.883,249.786,NA,NA,NA,NA,"Perspex","LIZARD2_CAM2_RIG1","Haemulidae","Diagramma","pictum","flight","Individual",123.122333333333,NA,"Diagramma.pictum","2"
"73","Perspex 4LIZARD3_CAM2_RIG1",237.653,368.471,368.885,390.061,909.594,258.433,0.220987096774194,0.291556666666667,0,0.128642333333333,"Perspex","LIZARD3_CAM2_RIG1","Lutjanidae","Lutjanus","fulviflamma","no response","Individual",375.805666666667,0.140066333333333,"Lutjanus.fulviflamma","3"
"74","Pipe 1aLIZARD1_CAM2_RIG3",221.122,NA,99.882,192.642,838.987,99.517,0.193025757575758,0.089573,0.095971,0.0404,"Pipe","LIZARD1_CAM2_RIG3","Lutjanidae","Lutjanus","spp","hide","School",146.262,0.0753146666666667,"Lutjanus.spp","1"
"75","Pipe 1aLIZARD3_CAM3_RIG2",NA,201.043,201.581,226.495,1309.66,201.722,0.192631097560976,0.075746,0.131485,0.133308,"Pipe","LIZARD3_CAM3_RIG2","Lutjanidae","Lutjanus","fulviflamma","flight","School",209.706333333333,0.113513,"Lutjanus.fulviflamma","3"
"76","Pipe 1bLIZARD1_CAM2_RIG3",92.899,NA,98.763,104.573,967.251,84.482,0.0651267759562842,0.054385,0.0458073333333333,0.0458446666666667,"Pipe","LIZARD1_CAM2_RIG3","Lutjanidae","Lutjanus","spp","C- turn","School",101.668,0.048679,"Lutjanus.spp","1"
"77","Pipe 1bLIZARD3_CAM3_RIG2",NA,251.003,293.124,181.571,788.737,203.924,0.0912162162162162,0.0941903333333333,0.049827,0.117429666666667,"Pipe","LIZARD3_CAM3_RIG2","Lutjanidae","Lutjanus","fulviflamma","flight","School",241.899333333333,0.087149,"Lutjanus.fulviflamma","3"
"78","Pipe 1cLIZARD1_CAM2_RIG3",241.093,NA,NA,193.87,888.758,81.308,0.115123008849558,NA,NA,0,"Pipe","LIZARD1_CAM2_RIG3","Lutjanidae","Lutjanus","spp","hide","School",193.87,0,"Lutjanus.spp","1"
"79","Pipe 1LIZARD1_CAM11_RIG1",177.256,178.577,190.081,181.831,1254.08,NA,NA,0,0,0,"Pipe","LIZARD1_CAM11_RIG1","Haemulidae","Plectorhinchus","chrysotaenia","no response","Individual",183.496333333333,0,"Plectorhinchus.chrysotaenia","1"
"80","Pipe 1LIZARD1_CAM4_RIG2",209.783,168.15,183.347,149.641,788.226,117.374,0,0,NA,0,"Pipe","LIZARD1_CAM4_RIG2","Lutjanidae","Lutjanus","spp","no response","Individual",167.046,0,"Lutjanus.spp","1"
"81","Pipe 1LIZARD1_CAM6_RIG1",527.034,379.156,462.944,484.436,1997.694,252.147,0.106192771084337,0.092024,0,0.098863,"Pipe","LIZARD1_CAM6_RIG1","Haemulidae","Diagramma","pictum","flight","Individual",442.178666666667,0.063629,"Diagramma.pictum","1"
"82","Pipe 1LIZARD2_CAM2_RIG1",146.823,190.65,119.659,178.286,1772.207,244.881,2.2447625,0.0727066666666667,0.0847106666666667,0.075038,"Pipe","LIZARD2_CAM2_RIG1","Haemulidae","Diagramma","pictum","flight","Individual",162.865,0.0774851111111111,"Diagramma.pictum","2"
"83","Pipe 1LIZARD2_CAM3_RIG1",NA,140.757,235.872,114.789,961.861,251.248,NA,NA,NA,NA,"Pipe","LIZARD2_CAM3_RIG1","Haemulidae","Diagramma","pictum","no response","Individual",163.806,NA,"Diagramma.pictum","2"
"84","Pipe 1LIZARD2_CAM4_RIG1",219.086,282.898,271.638,212.039,1398.393,279.703,NA,0,0,0,"Pipe","LIZARD2_CAM4_RIG1","Haemulidae","Diagramma","pictum","no response","Individual",255.525,0,"Diagramma.pictum","2"
"85","Pipe 1LIZARD2_CAM5_RIG3",NA,NA,NA,NA,693.875,NA,0.058742600896861,0.04073,0.0872163333333333,NA,"Pipe","LIZARD2_CAM5_RIG3","Haemulidae","Diagramma","pictum","flight","Individual",NA,0.0639731666666667,"Diagramma.pictum","2"
"86","Pipe 1LIZARD3_CAM1_RIG1",565.624,524.318,539.65,541.277,700.431,358.941,NA,0,0,0,"Pipe","LIZARD3_CAM1_RIG1","Haemulidae","Plectorhinchus","chrysotaenia","no response","Individual",535.081666666667,0,"Plectorhinchus.chrysotaenia","3"
"87","Pipe 1LIZARD3_CAM2_RIG1",226.034,243.083,64.753,81.025,2023.512,255.786,NA,0.151210333333333,0.179419,0.150442,"Pipe","LIZARD3_CAM2_RIG1","Lutjanidae","Lutjanus","fulviflamma","no response","Individual",129.620333333333,0.160357111111111,"Lutjanus.fulviflamma","3"
"88","Pipe 1LIZARD4_CAM2_RIG3",145.764,NA,350.651,294.071,1158.118,NA,NA,0,0,0,"Pipe","LIZARD4_CAM2_RIG3","Lethrinidae","Lethrinus","atkinsoni","flight","Individual",322.361,0,"Lethrinus.atkinsoni","4"
"89","Pipe 1LIZARD4_CAM4_RIG1",179.906,288.591,164.414,191.747,1409.628,619.959,0.156403883495146,0,0,0,"Pipe","LIZARD4_CAM4_RIG1","Serranidae","Plectropomus","spp","swim backwards","Individual",214.917333333333,0,"Plectropomus.spp","4"
"90","Pipe 1LIZARD4_CAM5_RIG1",239.348,887.275,483.278,298.266,1930.367,608.5,0.348994,0.145760666666667,0.154825,0.166811333333333,"Pipe","LIZARD4_CAM5_RIG1","Lutjanidae","Lutjanus","bohar","flight","Individual",556.273,0.155799,"Lutjanus.bohar","4"
"91","Pipe 1LIZARD5_CAM2_RIG3",132.462,107.843,106.562,108.886,659.651,403.011,NA,0,0,0,"Pipe","LIZARD5_CAM2_RIG3","Serranidae","Plectropomus","spp","no response","Individual",107.763666666667,0,"Plectropomus.spp","5"
"92","Pipe 2LIZARD1_CAM2_RIG3",167.103,189.371,279.316,78.54,744.946,194.236,0.0698521613832853,0.057225,0.0457976666666667,0.0439376666666667,"Perspex","LIZARD1_CAM2_RIG3","Lutjanidae","Lutjanus","fulviflamma","hide","Individual",182.409,0.0489867777777778,"Lutjanus.fulviflamma","1"
"93","Pipe 2LIZARD1_CAM4_RIG2",285.806,256.876,261.281,56.934,1001.676,191.812,0.124378,0.037253,NA,0.0314333333333333,"Diver","LIZARD1_CAM4_RIG2","Lutjanidae","Lutjanus","fulviflamma","hide","Individual",191.697,0.0343431666666667,"Lutjanus.fulviflamma","1"
"94","Pipe 2LIZARD1_CAM6_RIG1",350.723,274.155,317.968,307.624,2214.918,239.683,0.177294578313253,0,0.199538,0.045533,"Pipe","LIZARD1_CAM6_RIG1","Haemulidae","Diagramma","pictum","flight","Individual",299.915666666667,0.0816903333333333,"Diagramma.pictum","1"
"95","Pipe 2LIZARD2_CAM2_RIG1",104.658,32.249,36.286,268.99,1714.327,243.81,1.49731111111111,0,0.206282666666667,0.14554,"Pipe","LIZARD2_CAM2_RIG1","Haemulidae","Diagramma","pictum","C- turn","Individual",112.508333333333,0.117274222222222,"Diagramma.pictum","2"
"96","Pipe 2LIZARD2_CAM3_RIG1",NA,117.512,83.558,94.727,1903.993,266.391,0.0814742857142857,0,0,0.050099,"Pipe","LIZARD2_CAM3_RIG1","Haemulidae","Diagramma","pictum","C- turn","Individual",98.599,0.0166996666666667,"Diagramma.pictum","2"
"97","Pipe 2LIZARD2_CAM4_RIG1",119.869,142.02,128.311,194.479,2172.642,194.865,NA,0,0,0,"Pipe","LIZARD2_CAM4_RIG1","Lutjanidae","Lutjanus","spp","no response","Individual",154.936666666667,0,"Lutjanus.spp","2"
"98","Pipe 2LIZARD2_CAM5_RIG3",NA,NA,NA,NA,551.083,NA,0.128800896860987,0,0,0,"Pipe","LIZARD2_CAM5_RIG3","Haemulidae","Plectorhinchus","chrysotaenia","flight","Individual",NA,0,"Plectorhinchus.chrysotaenia","2"
"99","Pipe 2LIZARD3_CAM1_RIG1",939.995,383.416,973.411,211.601,1549.525,487.285,NA,0,0,0,"Pipe","LIZARD3_CAM1_RIG1","Haemulidae","Plectorhinchus","albovittatus","no response","Individual",522.809333333333,0,"Plectorhinchus.albovittatus","3"
"100","Pipe 2LIZARD3_CAM2_RIG1",224.625,152.115,149.256,163.057,1016.137,376.39,NA,0,0,0,"Pipe","LIZARD3_CAM2_RIG1","Haemulidae","Plectorhinchus","chrysotaenia","no response","Individual",154.809333333333,0,"Plectorhinchus.chrysotaenia","3"
"101","Pipe 2LIZARD4_CAM2_RIG3",NA,NA,NA,NA,419.922,303.778,NA,0,0,0,"Pipe","LIZARD4_CAM2_RIG3","Serranidae","Plectropomus","spp","no response","Individual",NA,0,"Plectropomus.spp","4"
"102","Pipe 2LIZARD4_CAM4_RIG1",765.029,285.019,695.15,696.182,1484.876,410.864,0,0,0,0,"Pipe","LIZARD4_CAM4_RIG1","Haemulidae","Plectorhinchus","chrysotaenia","no response","Individual",558.783666666667,0,"Plectorhinchus.chrysotaenia","4"
"103","Pipe 3aLIZARD1_CAM4_RIG2",128.764,287.65,314.263,98.485,915.496,123.694,0.23534126984127,0.0321033333333333,NA,0.0376153333333333,"Pipe","LIZARD1_CAM4_RIG2","Lutjanidae","Lutjanus","spp","hide","School",233.466,0.0348593333333333,"Lutjanus.spp","1"
"104","Pipe 3bLIZARD1_CAM4_RIG2",67.229,NA,99.234,90.756,843.308,112.847,0.0597873015873016,NA,NA,0.0214866666666667,"Pipe","LIZARD1_CAM4_RIG2","Lutjanidae","Lutjanus","spp","hide","School",94.995,0.0214866666666667,"Lutjanus.spp","1"
"105","Pipe 3cLIZARD1_CAM4_RIG2",89.455,151.243,137.571,136.812,890.862,104.495,0.209901587301587,0.0636803333333333,NA,0.0497056666666667,"Pipe","LIZARD1_CAM4_RIG2","Lutjanidae","Lutjanus","spp","hide","School",141.875333333333,0.056693,"Lutjanus.spp","1"
"106","Pipe 3LIZARD2_CAM5_RIG3",NA,NA,NA,NA,1083.358,NA,0.404039473684211,0.0252793333333333,0.0163516666666667,0,"Pipe","LIZARD2_CAM5_RIG3","Lutjanidae","Lutjanus","carponotatus","flight","Individual",NA,0.013877,"Lutjanus.carponotatus","2"
"107","Pipe 3LIZARD3_CAM1_RIG1",571.542,NA,NA,NA,1188.836,NA,NA,0,0,0,"Pipe","LIZARD3_CAM1_RIG1","Haemulidae","Plectorhinchus","chrysotaenia","no response","Individual",NA,0,"Plectorhinchus.chrysotaenia","3"
"108","Shark 1LIZARD1_CAM4_RIG2",146.72,136.228,137.898,134.717,1069.708,114.044,0.0281062827225131,NA,0,0.01509,"Shark","LIZARD1_CAM4_RIG2","Lutjanidae","Lutjanus","spp","no response","Individual",136.281,0.007545,"Lutjanus.spp","1"
"109","Shark 1LIZARD1_CAM6_RIG1",211.654,101.586,129.353,137.258,2628.792,215.732,0.29946,0,0,0.29393,"Shark","LIZARD1_CAM6_RIG1","Lutjanidae","Lutjanus","fulvus","flight","Individual",122.732333333333,0.0979766666666667,"Lutjanus.fulvus","1"
"110","Shark 1LIZARD2_CAM2_RIG1",315.372,274.186,294.168,302.74,1927.475,239.945,0.238661224489796,0,0,0,"Shark","LIZARD2_CAM2_RIG1","Haemulidae","Diagramma","pictum","flight","Individual",290.364666666667,0,"Diagramma.pictum","2"
"111","Shark 1LIZARD2_CAM3_RIG1",NA,236.533,144.928,217.371,1327.082,248.576,0.268691732283465,0.141835666666667,0.130439333333333,0.0831566666666667,"Shark","LIZARD2_CAM3_RIG1","Haemulidae","Diagramma","pictum","C- turn","Individual",199.610666666667,0.118477222222222,"Diagramma.pictum","2"
"112","Shark 1LIZARD2_CAM4_RIG1",418.414,319.684,529.588,433.333,1891.677,290.038,0.2862975,0,0,0.067897,"Turtle","LIZARD2_CAM4_RIG1","Lutjanidae","Lutjanus","fulviflamma","C- turn","Individual",427.535,0.0226323333333333,"Lutjanus.fulviflamma","2"
"113","Shark 1LIZARD2_CAM5_RIG3",NA,325.675,NA,NA,1099.562,191.864,0.0658160465116279,0.077425,0.0675036666666667,0.097054,"Shark","LIZARD2_CAM5_RIG3","Haemulidae","Diagramma","pictum","C- turn","Individual",325.675,0.0806608888888889,"Diagramma.pictum","2"
"114","Shark 1LIZARD3_CAM1_RIG1",1239.558,777.987,1066.293,1148.938,521.595,378.589,1.32221698113208,0.0338766666666667,0,0.137918666666667,"Shark","LIZARD3_CAM1_RIG1","Pomacanthidae","Pomacanthus","sexstriatus","flight","Individual",997.739333333333,0.0572651111111111,"Pomacanthus.sexstriatus","3"
"115","Shark 1LIZARD3_CAM2_RIG1",769.035,1126.772,919.824,861.051,1996.874,399.138,0.348912692307692,0.075642,0,0.0520023333333333,"Shark","LIZARD3_CAM2_RIG1","Pomacanthidae","Pomacanthus","sexstriatus","flight","Individual",969.215666666667,0.0425481111111111,"Pomacanthus.sexstriatus","3"
"116","Shark 1LIZARD3_CAM3_RIG2",NA,129.236,135.459,143.23,1178.849,271.971,0.251672037914692,0,0,0.059442,"Shark","LIZARD3_CAM3_RIG2","Haemulidae","Plectorhinchus","chrysotaenia","hide","Individual",135.975,0.019814,"Plectorhinchus.chrysotaenia","3"
"117","Shark 1LIZARD3_CAM5_RIG3",52.247,50.662,42.758,47.2,1185.486,274.712,0.459763157894737,0,0,0,"Shark","LIZARD3_CAM5_RIG3","Haemulidae","Plectorhinchus","lineatus","flight","Individual",46.8733333333333,0,"Plectorhinchus.lineatus","3"
"118","Shark 1LIZARD3_CAM6_RIG2",137.727,146.406,149.927,154.41,802.378,248.028,NA,0,0,0,"Turtle","LIZARD3_CAM6_RIG2","Haemulidae","Plectorhinchus","chrysotaenia","no response","Individual",150.247666666667,0,"Plectorhinchus.chrysotaenia","3"
"119","Shark 1LIZARD4_CAM2_RIG3",256.505,NA,330.622,352.36,766.551,NA,NA,NA,NA,NA,"Shark","LIZARD4_CAM2_RIG3","Serranidae","Plectropomus","spp","hide","Individual",341.491,NA,"Plectropomus.spp","4"
"120","Shark 1LIZARD4_CAM4_RIG1",129.417,216.004,386.478,200.355,1695.648,520.609,0.63108037037037,0.081669,0.155951666666667,NA,"Shark","LIZARD4_CAM4_RIG1","Serranidae","Plectropomus","spp","flight","Individual",267.612333333333,0.118810333333333,"Plectropomus.spp","4"
"121","Shark 1LIZARD4_CAM5_RIG1",224.296,507.676,359.027,259.275,1210.33,402.95,0.295712261580381,0.03183,0,0.08737,"Shark","LIZARD4_CAM5_RIG1","Haemulidae","Plectorhinchus","chrysotaenia","flight","Individual",375.326,0.0397333333333333,"Plectorhinchus.chrysotaenia","4"
"122","Shark 1LIZARD5_CAM1_RIG2",35.038,147.33,53.905,37.068,1011.275,390.817,0.2393696,0.0292276666666667,0,0,"Shark","LIZARD5_CAM1_RIG2","Serranidae","Plectropomus","spp","flight","Individual",79.4343333333333,0.00974255555555556,"Plectropomus.spp","5"
"123","Shark 2LIZARD1_CAM4_RIG2",263.014,127.969,137.609,124.947,1592.574,211.539,0.160733179723502,0,0.0342846666666667,0.0325803333333333,"Turtle","LIZARD1_CAM4_RIG2","Lutjanidae","Lutjanus","fulviflamma","flight","Individual",130.175,0.0222883333333333,"Lutjanus.fulviflamma","1"
"124","Shark 2LIZARD1_CAM6_RIG1",100.373,128.225,104.984,115.31,2277.881,163.1,0.223373295454545,0,0.353415,0.308092,"Shark","LIZARD1_CAM6_RIG1","Lutjanidae","Lutjanus","fulviflamma","flight","Individual",116.173,0.220502333333333,"Lutjanus.fulviflamma","1"
"125","Shark 2LIZARD2_CAM3_RIG1",NA,246.753,278.144,265.135,1670.8,258.572,0.199788077858881,0.135924,0.133326666666667,0.033691,"Shark","LIZARD2_CAM3_RIG1","Haemulidae","Diagramma","pictum","flight","Individual",263.344,0.100980555555556,"Diagramma.pictum","2"
"126","Shark 2LIZARD2_CAM4_RIG1",101.942,161.219,161.4,150.568,1587.086,312.699,0,0,0,0,"Turtle","LIZARD2_CAM4_RIG1","Haemulidae","Diagramma","pictum","no response","Individual",157.729,0,"Diagramma.pictum","2"
"127","Shark 2LIZARD2_CAM5_RIG3",499.087,367.253,580.429,548.572,1278.937,307.483,NA,0.037114,0,0,"Shark","LIZARD2_CAM5_RIG3","Haemulidae","Plectorhinchus","chrysotaenia","no response","Individual",498.751333333333,0.0123713333333333,"Plectorhinchus.chrysotaenia","2"
"128","Shark 2LIZARD3_CAM1_RIG1",1064.438,NA,187.966,159.835,1558.45,NA,1.80447692307692,0,0,0.114515666666667,"Shark","LIZARD3_CAM1_RIG1","Haemulidae","Plectorhinchus","chrysotaenia","flight","Individual",173.9005,0.0381718888888889,"Plectorhinchus.chrysotaenia","3"
"129","Shark 2LIZARD4_CAM2_RIG3",412.948,NA,NA,96.894,613.29,NA,NA,NA,NA,NA,"Shark","LIZARD4_CAM2_RIG3","Serranidae","Plectropomus","spp","flight","Individual",96.894,NA,"Plectropomus.spp","4"
"130","Shark 2LIZARD4_CAM4_RIG1",797.49,141.597,98.813,263.328,1963.081,437.9,0.279903913043478,0.0772836666666667,0,0,"Shark","LIZARD4_CAM4_RIG1","Haemulidae","Plectorhinchus","chrysotaenia","flight","Individual",167.912666666667,0.0257612222222222,"Plectorhinchus.chrysotaenia","4"
"131","Shark 2LIZARD4_CAM5_RIG1",228.779,304.95,288.027,272.395,2069.6,348.225,0.193540871934605,0,0,0,"Pipe","LIZARD4_CAM5_RIG1","Haemulidae","Plectorhinchus","lineatus","flight","Individual",288.457333333333,0,"Plectorhinchus.lineatus","4"
"132","Shark 3aLIZARD1_CAM4_RIG2",77.347,119.781,128.478,128.579,1111.839,99.465,0.0405596858638743,0,0,0.028622,"Shark","LIZARD1_CAM4_RIG2","Lutjanidae","Lutjanus","spp","hide","School",125.612666666667,0.00954066666666667,"Lutjanus.spp","1"
"133","Shark 3aLIZARD4_CAM2_RIG3",301.622,248.506,358.624,239.83,761.867,NA,NA,NA,NA,NA,"Shark","LIZARD4_CAM2_RIG3","Lutjanidae","Lutjanus","fulviflamma","flight","School",282.32,NA,"Lutjanus.fulviflamma","4"
"134","Shark 3bLIZARD1_CAM4_RIG2",91.43,98.192,119.293,145.579,1164.206,118.536,0,0,0,0,"Shark","LIZARD1_CAM4_RIG2","Lutjanidae","Lutjanus","spp","hide","School",121.021333333333,0,"Lutjanus.spp","1"
"135","Shark 3bLIZARD4_CAM2_RIG3",223.737,232.986,208.318,234.332,784.852,NA,NA,NA,NA,NA,"Shark","LIZARD4_CAM2_RIG3","Lutjanidae","Lutjanus","fulviflamma","flight","School",225.212,NA,"Lutjanus.fulviflamma","4"
"136","Shark 3LIZARD2_CAM3_RIG1",NA,130.071,245.923,332.596,1895.173,237.704,0.0340184914841849,0.105467333333333,0.0937233333333333,0.0348376666666667,"Shark","LIZARD2_CAM3_RIG1","Haemulidae","Diagramma","pictum","flight","Individual",236.196666666667,0.0780094444444445,"Diagramma.pictum","2"
"137","Shark 3LIZARD3_CAM1_RIG1",298.225,353.502,290.439,201.541,1361.233,382.229,0.642214953271028,0,0,0.0881973333333333,"Shark","LIZARD3_CAM1_RIG1","Haemulidae","Plectorhinchus","chrysotaenia","hide","Individual",281.827333333333,0.0293991111111111,"Plectorhinchus.chrysotaenia","3"
"138","Shark 3LIZARD4_CAM4_RIG1",577.773,137.605,NA,600.526,2357.937,739.431,0.505414371257485,0.112800666666667,0.152524666666667,0.0963956666666667,"Perspex","LIZARD4_CAM4_RIG1","Lutjanidae","Lutjanus","bohar","flight","Individual",369.0655,0.120573666666667,"Lutjanus.bohar","4"
"139","Shark 4aLIZARD4_CAM4_RIG1",103.913,454.005,396.843,290.157,1177.173,237.438,0.166897297297297,0.077812,0.240138,0.129801,"Shark","LIZARD4_CAM4_RIG1","Lutjanidae","Lutjanus","fulviflamma","flight","School",380.335,0.149250333333333,"Lutjanus.fulviflamma","4"
"140","Shark 4bLIZARD4_CAM4_RIG1",194.848,625.921,442.934,254.415,1074.558,210.528,0.415754054054054,0.036136,0.358461,0.158124,"Shark","LIZARD4_CAM4_RIG1","Lutjanidae","Lutjanus","fulviflamma","flight","School",441.09,0.184240333333333,"Lutjanus.fulviflamma","4"
"141","Shark 4cLIZARD4_CAM4_RIG1",172.845,555.653,454.36,114.664,1037.583,215.495,0.358875675675676,0.084443,0.195569,0.194826,"Shark","LIZARD4_CAM4_RIG1","Lutjanidae","Lutjanus","fulviflamma","flight","School",374.892333333333,0.158279333333333,"Lutjanus.fulviflamma","4"
"142","Shark 4LIZARD3_CAM1_RIG1",565.009,704.207,770.193,870.916,1056.439,375.78,1.13289,0,0,0.145799333333333,"Shark","LIZARD3_CAM1_RIG1","Haemulidae","Plectorhinchus","chrysotaenia","flight","Individual",781.772,0.0485997777777778,"Plectorhinchus.chrysotaenia","3"
"143","Shark 5LIZARD3_CAM1_RIG1",700.444,795.507,848.252,724.888,1845.513,372.746,1.303314,0,0,0,"Shark","LIZARD3_CAM1_RIG1","Pomacanthidae","Pomacanthus","sexstriatus","flight","Individual",789.549,0,"Pomacanthus.sexstriatus","3"
"144","Shark 5LIZARD4_CAM4_RIG1",NA,NA,NA,NA,1067.769,467.334,0.392655465587045,NA,NA,0.129738333333333,"Shark","LIZARD4_CAM4_RIG1","Serranidae","Plectropomus","spp","flight","Individual",NA,0.129738333333333,"Plectropomus.spp","4"
"145","Shark 6LIZARD3_CAM1_RIG1",515.206,NA,NA,NA,1069.408,255.474,0.408650704225352,NA,NA,NA,"Shark","LIZARD3_CAM1_RIG1","Lutjanidae","Lutjanus","carponotatus","flight","Individual",NA,NA,"Lutjanus.carponotatus","3"
"146","Turtle 1aLIZARD1_CAM2_RIG3",44.613,99.306,53.085,56.089,1048.079,102.173,0.140405,0.00893566666666667,0.033529,0,"Turtle","LIZARD1_CAM2_RIG3","Lutjanidae","Lutjanus","spp","hide","School",69.4933333333333,0.0141548888888889,"Lutjanus.spp","1"
"147","Turtle 1aLIZARD1_CAM6_RIG1",81.835,171.205,161.749,124.892,2058.448,NA,0,0.228146,0.541097,0.212580666666667,"Turtle","LIZARD1_CAM6_RIG1","Lutjanidae","Lutjanus","fulviflamma","no response","School",152.615333333333,0.327274555555556,"Lutjanus.fulviflamma","1"
"148","Turtle 1aLIZARD3_CAM3_RIG2",NA,91.867,130.239,89.843,1186.2,171.029,0.102297674418605,0.022687,0.0899773333333333,0.0278346666666667,"Turtle","LIZARD3_CAM3_RIG2","Lutjanidae","Lutjanus","fulviflamma","no response","School",103.983,0.046833,"Lutjanus.fulviflamma","3"
"149","Turtle 1aLIZARD4_CAM2_RIG3",NA,NA,NA,NA,541.402,145.85,NA,NA,NA,NA,"Perspex","LIZARD4_CAM2_RIG3","Lutjanidae","Lutjanus","fulviflamma","flight","School",NA,NA,"Lutjanus.fulviflamma","4"
"150","Turtle 1bLIZARD1_CAM2_RIG3",NA,124.261,113.008,222.761,882.193,80.347,0.219911320754717,0.029407,0.0422206666666667,0.101118,"Turtle","LIZARD1_CAM2_RIG3","Lutjanidae","Lutjanus","spp","hide","School",153.343333333333,0.0575818888888889,"Lutjanus.spp","1"
"151","Turtle 1bLIZARD1_CAM6_RIG1",118.751,134.945,145.582,94.005,1973.807,NA,0,0,0,0,"Turtle","LIZARD1_CAM6_RIG1","Lutjanidae","Lutjanus","fulviflamma","no response","School",124.844,0,"Lutjanus.fulviflamma","1"
"152","Turtle 1bLIZARD3_CAM3_RIG2",NA,275.545,275.856,186.971,1053.9,202.626,0.301309302325581,0.044618,0.100609333333333,0.0614013333333333,"Turtle","LIZARD3_CAM3_RIG2","Lutjanidae","Lutjanus","fulviflamma","no response","School",246.124,0.0688762222222222,"Lutjanus.fulviflamma","3"
"153","Turtle 1bLIZARD4_CAM2_RIG3",NA,NA,NA,NA,513.276,117.593,NA,NA,NA,NA,"Perspex","LIZARD4_CAM2_RIG3","Lutjanidae","Lutjanus","fulviflamma","flight","School",NA,NA,"Lutjanus.fulviflamma","4"
"154","Turtle 1cLIZARD1_CAM2_RIG3",56.098,45.69,48.917,69.962,971.661,NA,0.108161666666667,0.0353565,0.075189552238806,0,"Turtle","LIZARD1_CAM2_RIG3","Lutjanidae","Lutjanus","spp","hide","School",54.8563333333333,0.036848684079602,"Lutjanus.spp","1"
"155","Turtle 1cLIZARD1_CAM6_RIG1",90.03,113.542,92.678,76.874,1963.001,NA,0,0.180454,0.161801,0.168575333333333,"Turtle","LIZARD1_CAM6_RIG1","Lutjanidae","Lutjanus","fulviflamma","no response","School",94.3646666666667,0.170276777777778,"Lutjanus.fulviflamma","1"
"156","Turtle 1cLIZARD3_CAM3_RIG2",NA,126.701,112.542,241.412,1245.404,176.943,NA,0.0577223333333333,0.0256183333333333,0.0250473333333333,"Turtle","LIZARD3_CAM3_RIG2","Lutjanidae","Lutjanus","fulviflamma","no response","School",160.218333333333,0.0361293333333333,"Lutjanus.fulviflamma","3"
"157","Turtle 1cLIZARD4_CAM2_RIG3",NA,NA,NA,NA,767.609,160.069,NA,NA,NA,NA,"Perspex","LIZARD4_CAM2_RIG3","Lutjanidae","Lutjanus","fulviflamma","flight","School",NA,NA,"Lutjanus.fulviflamma","4"
"158","Turtle 1LIZARD1_CAM10_RIG2",NA,NA,NA,NA,1545.256,468.305,NA,0,0,0,"Turtle","LIZARD1_CAM10_RIG2","Haemulidae","Plectorhinchus","albovittatus","no response","Individual",NA,0,"Plectorhinchus.albovittatus","1"
"159","Turtle 1LIZARD1_CAM4_RIG2",204.061,184.541,155.972,167.449,1281.045,117.127,0,0,0,0,"Turtle","LIZARD1_CAM4_RIG2","Lutjanidae","Lutjanus","spp","no response","Individual",169.320666666667,0,"Lutjanus.spp","1"
"160","Turtle 1LIZARD2_CAM4_RIG1",312.447,NA,305.004,275.452,1978.433,270.445,0,NA,0,0,"Turtle","LIZARD2_CAM4_RIG1","Haemulidae","Diagramma","pictum","no response","Individual",290.228,0,"Diagramma.pictum","2"
"161","Turtle 1LIZARD2_CAM5_RIG3",529.501,465.496,516.077,522.05,730.639,286.713,0.248800854700855,0,0,0,"Turtle","LIZARD2_CAM5_RIG3","Haemulidae","Plectorhinchus","chrysotaenia","flight","Individual",501.207666666667,0,"Plectorhinchus.chrysotaenia","2"
"162","Turtle 1LIZARD2_CAM7_RIG1",268.937,275.829,293.629,256.428,1316.457,255.923,NA,0,0,0,"Turtle","LIZARD2_CAM7_RIG1","Haemulidae","Diagramma","pictum","no response","Individual",275.295333333333,0,"Diagramma.pictum","2"
"163","Turtle 1LIZARD3_CAM1_RIG1",409.6,665.288,584.716,478.967,2125.014,283.216,0.29385625,0,0.0548703333333333,0.124509333333333,"Turtle","LIZARD3_CAM1_RIG1","Pomacanthidae","Pomacanthus","sexstriatus","flight","Individual",576.323666666667,0.0597932222222222,"Pomacanthus.sexstriatus","3"
"164","Turtle 1LIZARD3_CAM2_RIG1",967.19,NA,NA,581.243,2430.997,566.31,0.568014545454545,NA,0.323606666666667,0.308667,"Turtle","LIZARD3_CAM2_RIG1","Lutjanidae","Lutjanus","bohar","Passing","Individual",581.243,0.316136833333333,"Lutjanus.bohar","3"
"165","Turtle 1LIZARD3_CAM5_RIG3",86.46,118.534,106.245,119.777,1217.788,323.448,0.0720884146341463,0,0,0,"Diver","LIZARD3_CAM5_RIG3","Haemulidae","Plectorhinchus","lineatus","flight","Individual",114.852,0,"Plectorhinchus.lineatus","3"
"166","Turtle 1LIZARD3_CAM6_RIG2",185.956,285.813,221.836,257.554,1045.55,320.197,0.0913573913043478,0.150531578947368,0.0549976666666667,0,"Turtle","LIZARD3_CAM6_RIG2","Haemulidae","Plectorhinchus","lineatus","hide","Individual",255.067666666667,0.0685097485380117,"Plectorhinchus.lineatus","3"
"167","Turtle 1LIZARD4_CAM4_RIG1",NA,NA,NA,NA,1523.649,597.735,NA,0,0,0,"Turtle","LIZARD4_CAM4_RIG1","Serranidae","Plectropomus","spp","no response","Individual",NA,0,"Plectropomus.spp","4"
"168","Turtle 1LIZARD4_CAM5_RIG1",582.225,117.8,462.47,550.376,1803.346,216.73,0.379042105263158,0.140640526315789,0.0978304347826087,0.145256666666667,"Turtle","LIZARD4_CAM5_RIG1","Lutjanidae","Lutjanus","carponotatus","flight","Individual",376.882,0.127909209255022,"Lutjanus.carponotatus","4"
"169","Turtle 1LIZARD4_CAM7_RIG2",NA,NA,NA,NA,247.706,258.597,NA,0,0,0,"Turtle","LIZARD4_CAM7_RIG2","Serranidae","Plectropomus","spp","no response","Individual",NA,0,"Plectropomus.spp","4"
"170","Turtle 2LIZARD1_CAM4_RIG2",209.254,291.244,281.228,267.248,1521.913,195.276,0.179885714285714,0.017564,0,0.02436,"Turtle","LIZARD1_CAM4_RIG2","Lutjanidae","Lutjanus","fulviflamma","flight","Individual",279.906666666667,0.0139746666666667,"Lutjanus.fulviflamma","1"
"171","Turtle 2LIZARD2_CAM4_RIG1",290.802,NA,NA,291.9,2286.263,271.41,0,NA,NA,0,"Turtle","LIZARD2_CAM4_RIG1","Haemulidae","Diagramma","pictum","no response","Individual",291.9,0,"Diagramma.pictum","2"
"172","Turtle 2LIZARD2_CAM5_RIG3",349.892,415.37,450.207,514.737,668.563,207.29,0.274965811965812,0,0.116395,0.126108,"Turtle","LIZARD2_CAM5_RIG3","Haemulidae","Diagramma","pictum","flight","Individual",460.104666666667,0.0808343333333333,"Diagramma.pictum","2"
"173","Turtle 2LIZARD3_CAM1_RIG1",128.525,88.83,122.073,143.15,2938.462,441.532,0.122078199052133,0,0,0,"Turtle","LIZARD3_CAM1_RIG1","Haemulidae","Plectorhinchus","albovittatus","flight","Individual",118.017666666667,0,"Plectorhinchus.albovittatus","3"
"174","Turtle 2LIZARD3_CAM2_RIG1",94.049,109.42,92.393,274.76,1563.113,388.293,0.34056,0,0,0,"Turtle","LIZARD3_CAM2_RIG1","Haemulidae","Plectorhinchus","chrysotaenia","flight","Individual",158.857666666667,0,"Plectorhinchus.chrysotaenia","3"
"175","Turtle 2LIZARD3_CAM5_RIG3",145.165,155.703,173.844,157.372,650.477,258.726,0.114271889400922,0,0,0,"Diver","LIZARD3_CAM5_RIG3","Haemulidae","Plectorhinchus","chrysotaenia","hide","Individual",162.306333333333,0,"Plectorhinchus.chrysotaenia","3"
"176","Turtle 2LIZARD3_CAM6_RIG2",353.702,417.211,331.523,244.106,611.939,243.689,0.556426470588235,0,0,0,"Turtle","LIZARD3_CAM6_RIG2","Haemulidae","Plectorhinchus","chrysotaenia","hide","Individual",330.946666666667,0,"Plectorhinchus.chrysotaenia","3"
"177","Turtle 2LIZARD4_CAM4_RIG1",406.48,413.657,424.787,430.477,1643.589,414.442,0.397518965517241,0,0,0,"Turtle","LIZARD4_CAM4_RIG1","Haemulidae","Plectorhinchus","chrysotaenia","flight","Individual",422.973666666667,0,"Plectorhinchus.chrysotaenia","4"
"178","Turtle 3LIZARD1_CAM4_RIG2",393.64,419.075,440.798,334.68,1366.967,224.279,0.0701064516129032,0,0,0,"Turtle","LIZARD1_CAM4_RIG2","Lutjanidae","Lutjanus","carponotatus","C- turn","Individual",398.184333333333,0,"Lutjanus.carponotatus","1"
"179","Turtle 3LIZARD2_CAM5_RIG3",505.385,485.971,510.651,447.274,652.84,178.558,0.108500854700855,0,0.111818,0.123517,"Turtle","LIZARD2_CAM5_RIG3","Haemulidae","Diagramma","pictum","flight","Individual",481.298666666667,0.078445,"Diagramma.pictum","2"
